{
  "train_loss": {},
  "train_f1": {},
  "train_accuracy": {},
  "train_timestamps": {},
  "val_loss": {
    "0.0": 0.7068186402320862,
    "20.0": 0.7488676905632019,
    "40.0": 0.7490792274475098,
    "60.0": 0.6875236630439758,
    "80.0": 0.49407869577407837,
    "100.0": 0.48067227005958557,
    "120.0": 0.46938562393188477,
    "140.0": 0.4652214050292969,
    "160.0": 0.45861196517944336,
    "180.0": 0.433659166097641,
    "200.0": 0.430143803358078,
    "220.0": 0.4514112174510956,
    "240.0": 0.40041589736938477,
    "260.0": 0.3659294545650482,
    "280.0": 0.4533788859844208,
    "300.0": 0.349959135055542,
    "320.0": 0.2953023910522461,
    "340.0": 0.4063096046447754,
    "360.0": 0.35184893012046814,
    "380.0": 0.36198678612709045,
    "400.0": 0.34966179728507996,
    "420.0": 0.3153479993343353,
    "440.0": 0.33515664935112,
    "460.0": 0.381144642829895,
    "480.0": 0.3576919138431549,
    "500.0": 0.3765484094619751,
    "520.0": 0.41456690430641174,
    "540.0": 0.35248661041259766,
    "560.0": 0.3567271828651428,
    "580.0": 0.4481617510318756,
    "600.0": 0.3753882646560669,
    "620.0": 0.36620980501174927,
    "640.0": 0.296539843082428,
    "660.0": 0.2987968623638153,
    "680.0": 0.3411017656326294,
    "700.0": 0.41008707880973816,
    "720.0": 0.3938102126121521,
    "740.0": 0.32427534461021423,
    "760.0": 0.41596680879592896,
    "780.0": 0.3048902451992035,
    "800.0": 0.3611956536769867,
    "820.0": 0.35425564646720886,
    "840.0": 0.4792883098125458,
    "860.0": 0.3432871401309967,
    "880.0": 0.47772908210754395,
    "900.0": 0.37529751658439636,
    "920.0": 0.3433908522129059,
    "940.0": 0.4253629744052887,
    "960.0": 0.5111109614372253,
    "980.0": 0.5349956154823303,
    "1000.0": 0.4043816030025482,
    "1020.0": 0.3713352084159851,
    "1040.0": 0.41855770349502563,
    "1060.0": 0.3943791091442108,
    "1080.0": 0.44705304503440857,
    "1100.0": 0.4776710569858551,
    "1120.0": 0.5074506998062134,
    "1140.0": 0.5109415054321289,
    "1160.0": 0.4283934533596039,
    "1180.0": 0.3991180658340454,
    "1200.0": 0.44340744614601135,
    "1220.0": 0.5096519589424133,
    "1240.0": 0.5844135880470276,
    "1260.0": 0.40277424454689026,
    "1280.0": 0.44978228211402893,
    "1300.0": 0.4035108685493469,
    "1320.0": 0.4650424122810364,
    "1340.0": 0.5674125552177429,
    "1360.0": 0.6881338953971863,
    "1380.0": 0.4069400429725647,
    "1400.0": 0.5694140791893005,
    "1420.0": 0.4663245379924774,
    "1440.0": 0.3689005970954895,
    "1460.0": 0.42229214310646057,
    "1480.0": 0.4965129494667053,
    "1500.0": 0.501806914806366,
    "1520.0": 0.5647295117378235,
    "1540.0": 0.5098482370376587,
    "1560.0": 0.45910191535949707,
    "1580.0": 0.6625949740409851,
    "1600.0": 0.7124881148338318,
    "1620.0": 0.5508034229278564,
    "1640.0": 0.5933758616447449,
    "1660.0": 0.527319610118866,
    "1680.0": 0.6238452792167664,
    "1700.0": 0.5494163632392883,
    "1720.0": 0.7333542108535767,
    "1740.0": 0.4388432502746582,
    "1760.0": 0.5311921238899231,
    "1780.0": 0.5334294438362122,
    "1800.0": 0.5529032945632935,
    "1820.0": 0.6428418755531311,
    "1840.0": 0.5861572027206421,
    "1860.0": 0.5224226117134094,
    "1880.0": 0.5124785900115967,
    "1900.0": 0.6357234716415405,
    "1920.0": 0.6488867998123169,
    "1940.0": 0.6139078140258789,
    "1960.0": 0.6755782961845398,
    "1980.0": 1.0599466562271118
  },
  "val_f1": {
    "0.0": 0.2908671212790425,
    "20.0": 0.2718255841642916,
    "40.0": 0.31681210646510427,
    "60.0": 0.36228284500672914,
    "80.0": 0.5397097593475563,
    "100.0": 0.5249497890566783,
    "120.0": 0.5128150191689852,
    "140.0": 0.5257160698755095,
    "160.0": 0.49283504473032247,
    "180.0": 0.5390858816652415,
    "200.0": 0.4614768969557179,
    "220.0": 0.404653334713209,
    "240.0": 0.3965139904537095,
    "260.0": 0.5491741828807386,
    "280.0": 0.5699690715253835,
    "300.0": 0.5658510060488124,
    "320.0": 0.5953022371495316,
    "340.0": 0.475837838676224,
    "360.0": 0.5228918919132366,
    "380.0": 0.509516354519963,
    "400.0": 0.5339088093009123,
    "420.0": 0.5341610108311486,
    "440.0": 0.44474498075354907,
    "460.0": 0.34858788991649164,
    "480.0": 0.44401304761199645,
    "500.0": 0.3880318940916383,
    "520.0": 0.45077642943457413,
    "540.0": 0.4155589431895114,
    "560.0": 0.46661777233370644,
    "580.0": 0.20069396089407204,
    "600.0": 0.41865108977273235,
    "620.0": 0.44125779156707756,
    "640.0": 0.56757442727015,
    "660.0": 0.4891268453474498,
    "680.0": 0.44310188730381583,
    "700.0": 0.4120100742546139,
    "720.0": 0.39002739157913224,
    "740.0": 0.43279945444488277,
    "760.0": 0.4165785680145942,
    "780.0": 0.5874823104973238,
    "800.0": 0.44967452394608465,
    "820.0": 0.4549078851456082,
    "840.0": 0.3872338749738843,
    "860.0": 0.5190374063299765,
    "880.0": 0.41670237306338703,
    "900.0": 0.48360146662696407,
    "920.0": 0.48491929004831935,
    "940.0": 0.5319122382740578,
    "960.0": 0.43343359045856716,
    "980.0": 0.3472406405581514,
    "1000.0": 0.4631511578440367,
    "1020.0": 0.4575517407001978,
    "1040.0": 0.4821476827435351,
    "1060.0": 0.4773529551340019,
    "1080.0": 0.3142094328293067,
    "1100.0": 0.3552744207433355,
    "1120.0": 0.3989750612124769,
    "1140.0": 0.38460705363019565,
    "1160.0": 0.5556744500896749,
    "1180.0": 0.4841530252403469,
    "1200.0": 0.4467771269065368,
    "1220.0": 0.4028721970187073,
    "1240.0": 0.34902959387382715,
    "1260.0": 0.5800751230319804,
    "1280.0": 0.5493584816037509,
    "1300.0": 0.45312184530822436,
    "1320.0": 0.41966234839843636,
    "1340.0": 0.42378123606663226,
    "1360.0": 0.3705696266113955,
    "1380.0": 0.5465903982322775,
    "1400.0": 0.488381387555102,
    "1420.0": 0.4340342379952231,
    "1440.0": 0.5083779464506317,
    "1460.0": 0.4458641168921001,
    "1480.0": 0.4277435399407926,
    "1500.0": 0.5647429770600831,
    "1520.0": 0.3688505140830975,
    "1540.0": 0.4962599384133216,
    "1560.0": 0.5335986152261817,
    "1580.0": 0.40290243035020107,
    "1600.0": 0.3475854493308132,
    "1620.0": 0.40793430093119093,
    "1640.0": 0.344345859600787,
    "1660.0": 0.4565239373873233,
    "1680.0": 0.35804226320665594,
    "1700.0": 0.5251541303868096,
    "1720.0": 0.31800905856908734,
    "1740.0": 0.5166046447175398,
    "1760.0": 0.4546053675585804,
    "1780.0": 0.39417568146291637,
    "1800.0": 0.4904732293887065,
    "1820.0": 0.3223044221532279,
    "1840.0": 0.4999514048374287,
    "1860.0": 0.4555828472634971,
    "1880.0": 0.5223051187493811,
    "1900.0": 0.41415682052143454,
    "1920.0": 0.3893419913869588,
    "1940.0": 0.4504999308668549,
    "1960.0": 0.4613908251622417,
    "1980.0": 0.46812256048385564
  },
  "val_accuracy": {
    "0.0": 0.8071687877178192,
    "20.0": 0.8217589110136032,
    "40.0": 0.7461165457963943,
    "60.0": 0.5446032002568245,
    "80.0": 0.1959021981805563,
    "100.0": 0.19089843183755875,
    "120.0": 0.17483719605952502,
    "140.0": 0.1966179046779871,
    "160.0": 0.18413946963846684,
    "180.0": 0.16611228212714196,
    "200.0": 0.15201971009373666,
    "220.0": 0.1915849309414625,
    "240.0": 0.14087837599217892,
    "260.0": 0.11914047179743648,
    "280.0": 0.21724269203841687,
    "300.0": 0.13653791025280954,
    "320.0": 0.09316552178934216,
    "340.0": 0.17338653951883315,
    "360.0": 0.1363492224365473,
    "380.0": 0.1543250260874629,
    "400.0": 0.13862280193716287,
    "420.0": 0.11712914323434234,
    "440.0": 0.13418372883461416,
    "460.0": 0.16237500719726086,
    "480.0": 0.15977435521781444,
    "500.0": 0.15154382372274994,
    "520.0": 0.1701665344648063,
    "540.0": 0.1408455090597272,
    "560.0": 0.13996007833629848,
    "580.0": 0.17158014131709934,
    "600.0": 0.15506484173238277,
    "620.0": 0.14097890648990868,
    "640.0": 0.11203954583033919,