{
  "train_loss": {},
  "train_f1": {},
  "train_accuracy": {},
  "train_timestamps": {},
  "val_loss": {
    "0.0": 1.4023326635360718,
    "20.0": 1.435609221458435,
    "40.0": 1.5780036449432373,
    "60.0": 1.3366373777389526,
    "80.0": 1.0563961267471313,
    "100.0": 1.0304336547851562,
    "120.0": 1.0102914571762085,
    "140.0": 1.0468515157699585,
    "160.0": 0.9972923398017883,
    "180.0": 0.9359912872314453,
    "200.0": 0.921099841594696,
    "220.0": 0.8655509948730469,
    "240.0": 0.8326318860054016,
    "260.0": 0.7955328822135925,
    "280.0": 0.7615358829498291,
    "300.0": 0.7607237100601196,
    "320.0": 0.8196274042129517,
    "340.0": 0.7370943427085876,
    "360.0": 0.7619062662124634,
    "380.0": 0.7814328074455261,
    "400.0": 0.7697088718414307,
    "420.0": 0.7860655188560486,
    "440.0": 0.6686320900917053,
    "460.0": 0.6159064173698425,
    "480.0": 0.8272361159324646,
    "500.0": 0.7035707831382751,
    "520.0": 0.6421151161193848,
    "540.0": 0.6108957529067993,
    "560.0": 0.6579491496086121,
    "580.0": 0.6067820191383362,
    "600.0": 0.8465405702590942,
    "620.0": 0.7399288415908813,
    "640.0": 0.6694625616073608,
    "660.0": 1.0645016431808472,
    "680.0": 0.7164878845214844,
    "700.0": 0.5624635219573975,
    "720.0": 0.6378403306007385,
    "740.0": 0.6375128030776978,
    "760.0": 0.6643326878547668,
    "780.0": 0.8518832325935364,
    "800.0": 0.8515127301216125,
    "820.0": 0.6138066053390503,
    "840.0": 1.0179744958877563,
    "860.0": 0.7470760941505432,
    "880.0": 0.494827002286911,
    "900.0": 0.6825043559074402,
    "920.0": 0.8424859046936035,
    "940.0": 0.794557511806488,
    "960.0": 0.724286675453186,
    "980.0": 0.7806792855262756,
    "1000.0": 0.7911455631256104,
    "1020.0": 0.8600441217422485,
    "1040.0": 1.0056867599487305,
    "1060.0": 0.6891977190971375,
    "1080.0": 0.8019733428955078,
    "1100.0": 0.5950555801391602,
    "1120.0": 0.8133484721183777,
    "1140.0": 1.1269224882125854,
    "1160.0": 0.8145294189453125,
    "1180.0": 0.7442030310630798,
    "1200.0": 0.8872356414794922,
    "1220.0": 0.6868675947189331,
    "1240.0": 0.8978967666625977,
    "1260.0": 0.8888596892356873,
    "1280.0": 0.9304523468017578,
    "1300.0": 0.7196900248527527,
    "1320.0": 0.7195274829864502,
    "1340.0": 1.0203851461410522,
    "1360.0": 0.8013532757759094,
    "1380.0": 0.9081401228904724,
    "1400.0": 0.9521859288215637,
    "1420.0": 1.0049000978469849,
    "1440.0": 0.9636921286582947,
    "1460.0": 0.8815741539001465,
    "1480.0": 1.0122946500778198,
    "1500.0": 0.8417112231254578,
    "1520.0": 0.8157057166099548,
    "1540.0": 0.6741088032722473,
    "1560.0": 0.8471688628196716,
    "1580.0": 0.7540252804756165,
    "1600.0": 0.8813773989677429,
    "1620.0": 0.9492008090019226,
    "1640.0": 0.6827031970024109,
    "1660.0": 1.0162529945373535,
    "1680.0": 1.0052000284194946,
    "1700.0": 1.286111831665039,
    "1720.0": 1.2952200174331665,
    "1740.0": 0.9418817758560181,
    "1760.0": 0.7140195965766907,
    "1780.0": 1.049517035484314,
    "1800.0": 0.9808546900749207,
    "1820.0": 0.7650756239891052,
    "1840.0": 1.0337634086608887,
    "1860.0": 0.9297356009483337,
    "1880.0": 0.8274561166763306,
    "1900.0": 0.9883027076721191,
    "1920.0": 1.2237350940704346,
    "1940.0": 0.9775124788284302,
    "1960.0": 1.0928391218185425,
    "1980.0": 1.0065633058547974
  },
  "val_f1": {
    "0.0": 0.32676453753350104,
    "20.0": 0.33196275980349177,
    "40.0": 0.3441317991934132,
    "60.0": 0.4706843656164893,
    "80.0": 0.4027402682554114,
    "100.0": 0.5500112157860274,
    "120.0": 0.12939853359068718,
    "140.0": 0.5553345952477672,
    "160.0": 0.5252865033245809,
    "180.0": 0.5161859795192674,
    "200.0": 0.3676079887128368,
    "220.0": 0.5296809830411024,
    "240.0": 0.3323669693062575,
    "260.0": 0.44044461840929694,
    "280.0": 0.5877971554865036,
    "300.0": 0.3044280635305859,
    "320.0": 0.3804449772188626,
    "340.0": 0.3457272571663724,
    "360.0": 0.5343972889538624,
    "380.0": 0.38401493734551884,
    "400.0": 0.33701979261699705,
    "420.0": 0.5566722206170562,
    "440.0": 0.34286369780883386,
    "460.0": 0.5924613857394248,
    "480.0": 0.28660839073510325,
    "500.0": 0.5532713158834568,
    "520.0": 0.534025498002074,
    "540.0": 0.4236550499045939,
    "560.0": 0.4252035741434189,
    "580.0": 0.469838112054018,
    "600.0": 0.31647219675456434,
    "620.0": 0.2629722916823854,
    "640.0": 0.4576255554669668,
    "660.0": 0.3568607352680861,
    "680.0": 0.527219698905802,
    "700.0": 0.6065538548229317,
    "720.0": 0.47755986373174875,
    "740.0": 0.5705710611678705,
    "760.0": 0.5426239969419624,
    "780.0": 0.39276058626068056,
    "800.0": 0.291440041565811,
    "820.0": 0.5512579211917027,
    "840.0": 0.391279453764832,
    "860.0": 0.49303110593310906,
    "880.0": 0.504090772415547,
    "900.0": 0.45833922180573755,
    "920.0": 0.49220582068695096,
    "940.0": 0.40815451945066467,
    "960.0": 0.43870268523579387,
    "980.0": 0.43657497440099624,
    "1000.0": 0.4536260712477632,
    "1020.0": 0.4221431726816106,
    "1040.0": 0.38585626074898316,
    "1060.0": 0.5555111544753217,
    "1080.0": 0.4340719364104929,
    "1100.0": 0.47135528544472793,
    "1120.0": 0.4774540568362068,
    "1140.0": 0.3876702608167979,
    "1160.0": 0.4577781382049779,
    "1180.0": 0.5427530030593843,
    "1200.0": 0.4985339067603566,
    "1220.0": 0.5508001970417405,
    "1240.0": 0.5019524922996654,
    "1260.0": 0.44239792339401063,
    "1280.0": 0.4930558156711264,
    "1300.0": 0.5993920334206924,
    "1320.0": 0.35824704197325996,
    "1340.0": 0.5017182737383533,
    "1360.0": 0.5510828613112317,
    "1380.0": 0.47130633114717835,
    "1400.0": 0.44693341699010236,
    "1420.0": 0.44376743082372655,
    "1440.0": 0.41667948028654644,
    "1460.0": 0.5684229953390674,
    "1480.0": 0.3802794952349891,
    "1500.0": 0.49227894944265005,
    "1520.0": 0.5224124793714904,
    "1540.0": 0.5596002772069593,
    "1560.0": 0.44157338992345335,
    "1580.0": 0.4749487097171762,
    "1600.0": 0.5113644183990524,
    "1620.0": 0.5168882369318537,
    "1640.0": 0.5963384518297488,
    "1660.0": 0.4686052047634016,
    "1680.0": 0.49384092140008073,
    "1700.0": 0.3776807933838948,
    "1720.0": 0.4696150660404367,
    "1740.0": 0.5873984061971254,
    "1760.0": 0.586038462824903,
    "1780.0": 0.47213983886177313,
    "1800.0": 0.500410257788418,
    "1820.0": 0.6088376015179,
    "1840.0": 0.4486603291725529,
    "1860.0": 0.527320611841788,
    "1880.0": 0.5685032242398775,
    "1900.0": 0.5282436567339441,
    "1920.0": 0.4473526930263788,
    "1940.0": 0.5523336004346647,
    "1960.0": 0.4616698242901413,
    "1980.0": 0.5302498403511154
  },
  "val_accuracy": {
    "0.0": 0.7822102904319763,
    "20.0": 0.6195131585001945,
    "40.0": 0.5516906172037125,
    "60.0": 0.3471081033349037,
    "80.0": 0.17366191931068897,
    "100.0": 0.14732912108302115,
    "120.0": 0.18330554906278848,
    "140.0": 0.1771313462406397,
    "160.0": 0.18533993065357207,
    "180.0": 0.17620533262379467,
    "200.0": 0.17343180552124976,
    "220.0": 0.15376481162384154,
    "240.0": 0.1377882266882807,
    "260.0": 0.1286132622510195,
    "280.0": 0.1347039368003607,
    "300.0": 0.14405996196437626,
    "320.0": 0.13361436873674393,
    "340.0": 0.1470119498670101,
    "360.0": 0.1511449096724391,
    "380.0": 0.15692831315100192,
    "400.0": 0.16539676915854215,
    "420.0": 0.17682879753410816,
    "440.0": 0.12548668775707483,
    "460.0": 0.11804928658530116,
    "480.0": 0.17013810966163873,
    "500.0": 0.14343279264867306,
    "520.0": 0.12422057650983334,
    "540.0": 0.11923128124326468,
    "560.0": 0.12864414704963564,
    "580.0": 0.12187055116519332,
    "600.0": 0.16953007513657212,
    "620.0": 0.12762716095894575,
    "640.0": 0.1346192479133606,
    "660.0": 0.2128146506845951,